Patient Group,O95445_AAL,P00450_AAL,P00734_AAL,P00736_AAL,P00738_AAL,P00747_AAL,P00748_AAL,P00751_AAL,P01008_AAL,P01009_AAL,P01011_AAL,P01019_AAL,P01023_AAL,P01024_AAL,P01031_AAL,P01042_AAL,P02675_AAL,P02746_AAL,P02747_AAL,P02748_AAL,P02749_AAL,P02751_AAL,P02753_AAL,P02765_AAL,P02774_AAL,P02787_AAL,P02790_AAL,P03952_AAL,P04003_AAL,P04004_AAL,P04114_AAL,P04196_AAL,P04217_AAL,P05155_AAL,P05156_AAL,P05546_AAL,P06396_AAL,P06681_AAL,P07357_AAL,P08603_AAL,P08697_AAL,P09871_AAL,P0C0L5_AAL,P10643_AAL,P10909_AAL,P19823_AAL,P19827_AAL,P20851_AAL,P25311_AAL,P27169_AAL,P29622_AAL,P33151_AAL,P43652_AAL,P51884_AAL,Q14624_AAL,Q15166_AAL,Q96PD5_AAL,O95445_JAC,P00450_JAC,P00734_JAC,P00738_JAC,P00747_JAC,P00748_JAC,P00751_JAC,P01008_JAC,P01009_JAC,P01011_JAC,P01019_JAC,P01023_JAC,P01024_JAC,P01031_JAC,P01042_JAC,P02679_JAC,P02746_JAC,P02747_JAC,P02748_JAC,P02749_JAC,P02751_JAC,P02753_JAC,P02760_JAC,P02765_JAC,P02774_JAC,P02787_JAC,P02790_JAC,P03952_JAC,P04003_JAC,P04004_JAC,P04114_JAC,P04196_JAC,P04217_JAC,P05155_JAC,P05156_JAC,P05546_JAC,P06396_JAC,P06681_JAC,P07357_JAC,P08603_JAC,P08697_JAC,P09871_JAC,P0C0L5_JAC,P10643_JAC,P10909_JAC,P13671_JAC,P19823_JAC,P19827_JAC,P20851_JAC,P27169_JAC,P35858_JAC,P43652_JAC,Q14624_JAC,Q15166_JAC,O75636_NPL,O95445_NPL,P00450_NPL,P00734_NPL,P00738_NPL,P00747_NPL,P00748_NPL,P00751_NPL,P01009_NPL,P01011_NPL,P01019_NPL,P01023_NPL,P01024_NPL,P01031_NPL,P01042_NPL,P02679_NPL,P02746_NPL,P02747_NPL,P02748_NPL,P02749_NPL,P02751_NPL,P02765_NPL,P02774_NPL,P02787_NPL,P02790_NPL,P03952_NPL,P04003_NPL,P04004_NPL,P04114_NPL,P04196_NPL,P04217_NPL,P05155_NPL,P05156_NPL,P05546_NPL,P06396_NPL,P06681_NPL,P07357_NPL,P08603_NPL,P09871_NPL,P0C0L5_NPL,P10643_NPL,P10909_NPL,P19823_NPL,P19827_NPL,P20851_NPL,P27169_NPL,P33151_NPL,P43652_NPL,Q14624_NPL,Q96PD5_NPL,P00738_VTSIQDWVQK_Ratio_AAL,P01011_NLAVSQVVHK_Ratio_AAL,P01023_LPPNVVEESAR_Ratio_AAL,P02748_LSPIYNLVPVK_Ratio_AAL,P04114_SPAFTDLHLR_Ratio_AAL,P06396_AVEVLPK_Ratio_AAL,P0C0L5_GSFEFPVGDAVSK_Ratio_AAL,P10643_LTPLYELVK_Ratio_AAL,P00738_VTSIQDWVQK_Ratio_JAC,P01011_NLAVSQVVHK_Ratio_JAC,P01023_LPPNVVEESAR_Ratio_JAC,P02748_LSPIYNLVPVK_Ratio_JAC,P04114_SPAFTDLHLR_Ratio_JAC,P06396_AVEVLPK_Ratio_JAC,P0C0L5_GSFEFPVGDAVSK_Ratio_JAC,P10643_LTPLYELVK_Ratio_JAC,P00738_VTSIQDWVQK_Ratio_NPL,P01011_NLAVSQVVHK_Ratio_NPL,P01023_LPPNVVEESAR_Ratio_NPL,P02748_LSPIYNLVPVK_Ratio_NPL,P04114_SPAFTDLHLR_Ratio_NPL,P06396_AVEVLPK_Ratio_NPL,P0C0L5_GSFEFPVGDAVSK_Ratio_NPL,P10643_LTPLYELVK_Ratio_NPL,Protein (μg/μL),Age at Collection,BMI (kg/m2),Gender_F,Gender_M
BE-LGD,235835.9696,446414.5379,50712.82578,126492.4757,3367664.868,1460257.385,185795.7003,484956.8011,269542.8157,8401893.112,4116197.06,192101.3273,3572889.044,4068243.126,805189.7375,2284516.51,1753438.424,810445.9115,306153.0799,1071650.315,1056132.621,32603.26171,56759.21596,1216010.448,867300.6212,8609714.357,5867300.229,133256.1888,580053.6227,434781.7477,95105.04858,697345.7137,870706.8186,3879744.645,411044.9395,599710.5429,732924.9675,68164.30474,112658.6745,260833.5775,106551.1753,420278.1218,645286.3243,414488.2047,621106.7886,689741.1482,766621.7396,132386.3115,27320.0696,254815.0057,714608.5222,8268423.059,69603.80148,431202.3095,904759.0321,199446.7225,864852.3649,301827.362,305958.8445,43561.21789,5438210.698,3656260.798,343242.8059,919134.9497,390171.2387,2045182.736,4473708.167,259918.2077,3403409.113,7867710.384,1461251.699,5704041.612,6864545.687,653459.9033,340430.5533,1997442.916,109273.1947,129261.0672,90870.2099,2415833.577,2898224.516,2255189.022,11616734.7,17349680.2,252456.3589,798995.244,653098.6543,581059.8858,1576404.835,548499.7736,14557316.42,963369.3841,803584.7821,1390140.478,81058.83342,188497.3891,411623.7082,117189.4955,522558.1925,1241481.762,579372.5706,78690.85487,219268.6075,1982959.432,2414384.921,139457.4368,326428.8641,33699.11092,65713.93721,5111819.205,362880.2354,1008686.398,168073.8825,106714.3751,71359.79718,2592029.557,1072676.076,78462.1803,476725.3108,1107394.342,751970.2333,90585.70312,2136399.634,5756702.226,639676.5897,1260545.0,5749229.698,492762.2334,373455.7031,624998.8209,900204.2788,27961.49394,570147.9204,693627.2815,5617929.721,4349227.947,137627.4134,567312.7011,246855.6304,589585.8366,828701.99,664591.7803,318685.1372,483776.0204,611077.7338,302302.3099,149663.603,91474.24905,227728.8624,407420.3546,630698.2873,295827.6971,63762.0881,541037.3068,601101.252,72644.1722,145744.1555,5896444.171,26700.54564,639750.9309,632554.754,0.4568166910404748,1.9348158486956115,1.503634665398574,1.5151675108438214,1.286035689984416,1.4533306031834985,0.4564469000412944,0.9995391807410862,0.8006048398568413,1.650940106361338,1.1780292084379933,4.04902990694172,2.6161895721588766,2.555798159397242,1.0900475566889516,1.582107774683403,0.4681672066537408,0.6326813626751504,0.760081520886424,1.6267636359070778,4.462418542232938,1.1335283436312815,0.6490064420253578,1.0895509566575556,76.59320534609988,55.0,27.7,0,1
EAC,253204.992,548152.8704,53040.29111,117080.3256,9780856.376,1276417.513,102165.9734,423352.6941,206839.5551,7831104.238,2668042.451,211911.3015,5357021.531,4403316.757,536710.3258,2040280.753,2276731.458,754810.1022,260335.4387,781359.9537,881473.2892,54041.00528,48089.7073,1465067.77,974869.5942,9874255.412,5486519.413,139793.8469,453495.1144,400591.7853,146993.345,606221.2783,1025755.227,3625581.031,300128.3226,605352.8944,655819.061,56092.59061,80139.88545,250776.8353,142194.7957,320245.6947,586005.3003,629859.3506,572127.2968,652395.5451,774801.8947,131418.6528,25249.10254,130373.7575,822916.663,11490798.76,98569.58557,864150.8207,830662.191,98128.8655,1020402.252,221830.8043,283171.642,29066.71393,11832365.78,2988127.958,165080.0933,629878.277,238159.353,1382392.658,2268192.658,246338.0093,5271542.888,6723453.369,809611.9484,4403948.098,4975057.592,540846.0065,263983.4825,1374662.37,66189.32689,174357.3037,38380.57694,2204585.733,4362746.299,2529614.11,9842934.67,14473664.4,190370.0683,615717.6273,525701.1853,768788.3147,1272228.649,395183.3387,9359876.75,517899.15,686576.7368,878817.6206,57209.30515,123056.6624,419588.6951,105126.289,367451.8492,876349.6979,735312.4194,59224.7191,148735.7651,2051690.836,2381280.918,126154.6991,114001.7583,28297.07317,66312.8918,3796937.675,135729.9871,909362.5281,164807.4207,145079.6584,57632.49823,6727343.092,852601.8517,37619.97485,396610.6296,850765.703,582457.7224,108460.3749,4210060.602,6567376.268,477946.6963,1110188.627,5550616.199,340989.7023,308193.3767,427881.851,765821.9222,43976.21373,710283.4931,559565.5033,6659918.601,4158676.947,119517.6612,407354.8731,242126.9737,737255.2225,720761.2098,537814.3909,276966.6448,318689.7103,609016.1391,257606.0673,128136.4278,55741.41383,197955.8106,275412.4423,512858.3893,428983.622,50781.79996,537712.6489,550606.6421,71299.6998,73794.97411,7565401.753,29720.02527,548132.2305,578440.3858,1.21507775470412,1.3479052026560052,2.4792134768300733,0.9878794886531744,2.752000396363366,1.4420617689518376,0.4295848740840096,1.463397109111125,1.7286675975433936,1.0172696415266165,2.22527837133323,2.398190082491579,3.607911085574748,1.9928863144122,0.7347932215105792,2.2706627641761923,1.1004695145272545,0.5658935981031417,1.4918692489352885,0.6825805151183213,4.710647052573625,1.187227675128376,0.4090184793654763,0.9650515956381268,67.5967952204909,65.0,32.6,0,1
BE-LGD,223918.8373,668157.9861,49551.79843,114322.8351,26163393.51,1378265.772,135028.6851,467838.1194,139354.4076,9689182.446,2990738.232,172251.4009,3348727.822,4499429.091,758046.9297,1989921.429,1586521.638,796390.6102,322758.52,939886.7267,868972.1046,27275.13786,38875.82168,1056197.189,1082699.658,6167846.803,5040552.713,197706.2151,743883.4801,393405.5328,75588.73454,605255.0732,1094307.44,2890962.181,345719.3926,1062052.864,574217.1878,48480.25697,129795.8817,239619.8403,110247.2689,435205.2631,726164.4852,474982.3664,508916.7554,570857.2841,603938.1245,169675.7629,20231.16826,168670.0858,684101.5559,8919612.923,68022.81344,509957.4653,685700.3198,145151.6048,810522.9732,246711.4105,516230.1923,45109.41529,40073339.01,4018566.563,338609.9622,824174.5451,190351.5201,1817231.053,2928739.949,220124.3713,3202265.186,7283133.231,1420157.444,4294551.68,4978276.776,773832.4621,396620.1566,1931451.879,95041.62694,111153.2493,67743.11417,2562688.659,3842686.958,2538115.024,7978298.314,15957587.61,366532.1957,1255738.811,588394.6802,529819.211,1469170.535,458300.3384,10657140.96,768211.3501,1250497.534,1001585.675,66149.56389,188046.0202,452719.8044,111530.8622,542966.5071,1439276.781,681085.4924,76224.89487,232925.1633,2334447.482,2226520.712,202544.7319,204030.1088,24297.3255,60664.35807,1996878.383,214971.168,1207059.813,195207.08,232479.9103,72726.35446,24540379.39,1223685.286,59016.58181,555747.9627,1222464.486,719698.5119,133402.2023,2619755.742,7382760.2,824419.5512,1464974.34,6753601.396,608066.9083,383776.9278,585224.4373,836754.73,25993.33243,704992.3734,813143.5371,5614474.845,5192845.571,254120.2088,751677.1994,290814.1427,501581.1106,843217.6859,790581.0979,304874.2419,512989.7941,1291921.908,307162.1931,150802.7592,123309.6715,274266.2812,420508.9459,762287.122,409311.6193,69344.93411,612931.3001,605166.9498,131530.5137,125296.7659,7667833.654,27060.75702,381456.2344,772129.2988,3.150763713127492,1.4363841842422762,1.7370413548641197,1.4063875558497434,1.2301431262288094,1.377872148610337,0.4883288370771073,1.270583373154761,6.1915122294819165,1.2628901949230078,1.2843532964852655,3.4340405449676177,2.717400761860297,1.9678627974715672,1.1303103831305994,1.8544105298664388,3.966486452077724,0.7148441422998184,0.997277240372974,1.1831821215726726,3.761115280780562,1.3776370252282264,0.6274495601603998,1.2750432747788178,74.83336556333222,55.0,30.2,1,0
NSE,317408.869809761,624661.826663361,166048.185853703,58798642.9868903,31518605.0053174,2006993.87663886,66677.86517899,8918961.70274892,3406723.85147688,3416423.24751594,4185076.20323753,642478.22950764,6815655.18544539,15143325.8244624,819002.248030703,2797735.99846196,5065942.34228684,833147.857564579,239437.815317038,570075.447852244,271572.453278503,161471.68830721,105677.085269354,2256886.46764163,1902290.78342676,10622248.5956173,8435814.98050339,244062.716701515,1466171.19819241,605001.3276523,783792.777468565,613318.649313708,865726.324234898,3168272.15689105,677843.357940842,1874866.4682099,1235383.17933186,70176.5011327322,184969.466858013,257741.889059001,572743.534820111,226907.441022739,601533.465925477,755932.031505276,151018.832504153,1472229.91767706,941265.478746617,173355.716611114,27610.2041044745,516598.173188393,2817837.84086861,15823771.812728,756157.230191358,143500.849810582,1937423.36597009,850837.132362395,1696481.36609727,201151.937808253,292330.235796235,83262.1911188789,21449033.6041321,1289836.98940946,44271.1161500457,510830.695862833,2306826.06029603,1214985.83931846,2832919.12252185,483577.129664762,4704982.39885249,10931392.2072384,610952.022039088,2062789.52348107,112251.096473918,432051.108165796,182096.582087704,413444.809115051,36434.74520189,116791.907162007,91732.6315150701,542472.821257967,1782327.84281198,1452655.36080324,7363062.10172542,6401071.63937817,180030.150369389,1031841.48810934,429577.956908556,634015.967704943,422719.456322341,296254.576462848,2237638.82068858,636344.741300727,1253604.71262959,850218.966466211,58350.2694565415,157802.389494092,211724.519446553,96234.5890618877,157140.785637704,422967.228508536,557402.457316899,2265611.35331132,5755971.82148372,1006962.64239538,707941.131918383,107093.80514904,387404.796218497,1255854.58517216,191224.222739945,1558269.65536595,414589.875131864,5371155.0428919,227347.198860142,360039.753324258,157557.876303841,26987279.4664761,1313491.08518402,50172.3236128529,479901.920140208,1323541.19084673,3358459.94287388,505949.176939007,6234148.30004152,13874749.8940329,696010.953714522,2389427.73536008,147897.153044109,480141.788772945,232318.029259704,494739.013054923,395078.138123287,96010.9302576847,1441420.73617012,1493604.49156122,9022115.98771272,7160439.4238637,237828.724273472,992216.287820724,481122.710073426,815907.440461516,521066.800772157,475518.482556075,2281647.31546454,673273.158237904,1609903.52535225,1012201.66660382,84029.917692555,175658.419287129,229524.110722531,206325.307834939,486904.148707945,614648.328129881,2637982.79901136,1200846.80568468,733844.145839661,130057.658643173,422627.459113867,17150090.5548438,226858.096381462,1641066.12569512,1359211.19433807,9.692065588512175,7.059862119776866,5.6681131348893885,2.1518483032963838,6.694469975490196,5.3559055736674654,1.0799024193704172,4.631023819165777,6.666798569923297,7.080069202281512,4.086302366135257,1.5352179314927985,8.92267925376489,4.822172767057888,0.5616979431043563,2.8191119944090155,8.48957483557721,5.970905002810568,4.502030933700269,1.858579588336958,11.655492113743003,4.471989780255692,0.8215002237510091,2.6683525056194632,72.45577862924567,54.0,30.04,1,0
BE-HGD,251668.1616,345571.7982,67323.52052,137969.2548,22201313.69,1482349.867,86503.25636,405331.7691,275848.4877,4748370.177,2214876.139,264705.9732,3921378.242,5554355.727,763153.3288,2508865.548,2408043.224,952799.8968,345526.9836,515568.4255,999091.5495,40374.92942,103059.2135,1083842.44,1090640.505,7993947.066,5169366.805,195541.4919,648394.2308,406081.0103,130235.0286,491698.2539,928361.7647,3280388.383,390242.9743,977235.7612,647676.2814,50804.87467,116777.0954,295740.0771,110447.521,468068.6846,608640.2099,828340.4418,656032.368,809346.4303,971452.7409,158744.9099,23619.67745,279032.8831,818496.1712,9239110.157,75136.35841,931808.9753,1012358.367,238656.9359,945819.305,280168.8652,293785.6933,47279.15455,32146409.36,3217032.963,152538.2435,724558.641,341939.8552,1440485.452,2479398.876,393984.7182,2990331.814,8343763.7,1229327.388,6026793.534,6570456.29,691214.1425,386770.8847,1075922.723,126333.0215,165772.1865,147295.5953,2828444.878,2364285.131,2532744.891,11335599.58,14825345.96,320482.3693,897473.5407,661118.4421,752156.3893,1267065.854,535004.7739,13360344.23,750298.8521,1107509.17,1106125.221,85257.95852,176321.985,469676.744,116265.8215,489259.4856,976213.0185,978980.7818,94968.31049,206809.9486,2656040.572,3381447.89,175347.1632,336663.6932,32995.3667,90566.86486,5594485.43,360032.2029,1040804.576,215981.351,152813.8729,95648.09828,18813855.52,1223620.393,35718.30873,552261.0707,846899.5566,583126.7213,205526.4477,2876742.502,9094465.948,684362.9796,1771070.551,6533254.114,688705.5409,523189.6536,413695.2738,1051028.116,64164.60033,647174.8322,766912.2843,8262404.405,6200543.962,241530.8449,808663.6131,335366.0723,800640.8263,811910.4348,807543.197,411625.4887,519426.4571,1218030.078,395938.3621,200998.3198,116015.7949,327606.6773,463202.6961,741001.3531,712272.5397,96776.36813,965598.9086,999684.1225,115093.9482,194538.7963,8803307.146,42381.43749,776398.985,574704.8513,3.0293600087206545,0.9821101242221364,1.905786677803156,0.8058009389586506,1.3865302786258624,1.418478141897069,0.5074043789159913,2.0194417386046823,5.57634518615299,0.8860459329303102,1.012553131583143,2.074175528276127,3.2999484027279253,2.079363098951371,0.7543990569200654,3.012837321096908,3.336045204983559,0.473856694797932,0.9187867029221084,0.8591711241738649,6.339828570366101,1.22167215815486,0.5801995721247789,2.2796252029814315,80.72601306787014,63.0,33.5,0,1
BE-HGD,271880.4759,414390.8011,58765.62409,120221.884,23094238.47,1506756.056,164634.079,557753.7043,187440.8339,8405249.733,2783049.739,220742.3526,3382939.241,5654429.681,768258.4974,2276880.288,2219436.075,762550.26,264252.1232,830837.8902,1025281.713,62436.60333,54806.38353,1529470.204,941555.1381,8926788.474,5376467.512,158647.3493,668252.1912,522581.9248,116830.1932,497769.9563,913625.8281,2761940.268,367428.9727,1142966.676,529387.2946,60300.7238,140314.7233,291893.3922,131412.1592,385689.8228,928937.6496,1037776.298,510735.8782,684621.9127,770396.0309,197327.9452,19164.42134,165687.9322,665615.2344,7696518.222,99751.03309,572953.5146,823165.3281,137904.7099,860007.8092,235742.6162,254819.4399,33627.91046,26301536.2,3216575.125,314605.4102,741404.5404,205733.6545,1440171.883,2748196.251,272646.5095,3573666.818,7452473.611,1032701.453,3631005.119,4446547.161,573046.7163,305693.8468,1413129.582,89990.23599,247482.8828,58456.48475,1971873.845,2967510.651,1726163.032,9824797.723,14709910.44,226883.2123,783759.6178,625823.8883,629832.5546,1112882.485,380189.7577,9198543.926,615199.539,1079133.042,755220.2912,74133.25092,176349.134,407624.4027,115686.5423,425616.3054,1363279.492,1201803.117,63409.29362,145640.0578,1865775.987,2092776.899,141908.0252,189102.4363,29417.76533,68967.64411,3772011.81,178652.1311,836873.5648,174179.5382,115670.2294,77258.92804,14579147.6,1061032.543,74360.32083,558667.8908,775764.0548,576861.5835,127135.8728,3003696.122,7165873.67,546610.3096,1303093.429,4729277.593,522003.6823,400550.9264,495207.7647,618122.9091,66182.4317,696315.1507,445750.8555,6749737.037,4234597.87,147954.0653,632910.2351,340571.2678,561328.978,681590.8116,483991.0774,250297.0952,376079.2848,982436.8495,249057.0172,134903.5869,119589.4286,299638.889,352250.32,961031.876,773121.7315,65693.18669,644649.1705,639867.9861,87911.96458,105695.8566,6943597.928,24614.73428,472730.3851,476129.4317,3.1153043015048607,1.1521055257848265,1.7634255103564669,1.3964178675991992,1.8454279240766076,1.0519344442739285,0.7578276822483672,3.0996866272049077,4.341833349379282,0.9402687084467228,1.3026652818787898,2.6786732635327795,3.1506756688566613,1.596648154842102,1.0196842682782925,3.8749266222135255,2.4155434458244702,0.5660213086208423,1.1197717970252374,1.0275903308101342,4.508119218910585,0.8857605356006255,0.6748586704423147,2.2210852167279183,80.72812624044036,71.0,25.8,0,1
EAC,264455.3589,780341.1693,77520.37521,110371.9067,51892247.52,1423549.899,191475.5203,858976.9188,239204.6328,14597208.42,5722814.179,256548.4514,2759512.702,7093638.576,1268660.781,2201612.221,2050672.481,617531.32,226707.4855,1279928.371,1424349.788,39675.12733,51205.15384,1420932.679,1348423.223,7880730.329,7621100.901,197094.3032,834585.1313,570172.757,78710.14568,497755.3356,1537698.432,3051543.483,526148.1166,1459215.964,359367.5313,81148.80391,172575.8561,335681.8172,174944.2913,367243.6236,1380180.335,941393.6139,702425.1269,862040.7614,982870.7121,256198.8694,37033.63525,183466.9096,811152.9858,10231672.83,77897.87918,386469.6739,1036428.671,128081.7209,883112.7463,215731.7802,404648.6515,40733.53191,56076302.86,2749970.108,278750.4091,1092402.144,239320.9943,2030662.524,4549734.497,288582.2449,2660888.519,8870769.296,1789806.559,3413428.461,4778637.9,456344.6788,236365.6078,1891348.363,99484.76791,141545.4334,46740.64599,2325572.653,2293530.354,1888640.209,7981946.07,18917742.76,263723.9636,979865.1426,635652.1462,365173.8827,863445.6121,564080.9898,9893145.029,852733.9796,1514403.321,442190.3817,85915.04368,199822.5371,460251.9116,113198.3254,332641.0625,1845968.466,969050.4438,91956.36278,217729.5689,2149438.914,2826047.353,213842.7601,147912.6151,26014.21659,54703.35331,1187388.902,170371.5952,958077.8136,184448.1286,221030.059,102135.5948,35062612.84,1106865.095,83603.94756,888092.2046,1252030.413,1116699.512,143788.0185,2525474.292,10280688.22,1016923.71,1368388.389,5096026.236,436247.0126,324121.0414,927531.8625,889723.4431,37903.61703,626634.676,806907.6189,6232580.368,6190396.685,185970.7333,884695.9859,381462.4423,443290.0662,540267.9343,813422.1344,305511.516,586992.7609,1429243.195,165549.7742,204163.2833,148831.0699,337138.4995,315444.9361,1456190.558,774400.5798,95693.48271,868448.0093,885838.7535,162085.2531,115974.5091,7675415.216,21966.71567,342498.2703,633111.3568,7.999667953783975,2.8148569488071997,1.291866807263608,2.0228497061788917,1.3476176243492988,0.6498301147403958,1.0397256013270666,2.14425346331452,9.391797690795755,1.936536597278237,0.9684808847173204,3.0316619621107708,1.7793239988958585,0.9159303647974806,1.4445737428928147,2.528276001330356,7.804098736332089,1.072156456119128,0.8834199106436649,1.830808502150853,2.8523054466927937,0.7047898899232102,1.2511954310069582,2.2828425837628488,78.53501110944434,53.0,22.7,0,1
NSE,259245.139,729337.2285,59015.99648,108490.756,16696711.48,1356981.217,147436.0885,449091.9729,171866.0975,9086762.421,3270175.582,241517.0853,3407655.281,3715499.658,632530.8878,1828168.861,1748431.475,719853.6282,297595.5509,747884.9907,1227693.707,26971.27512,69630.92196,1277683.114,946558.307,6723900.551,5018222.163,139146.6705,681305.9331,342680.8548,97430.96597,434202.9486,863710.1697,3164299.707,323680.7177,764081.3015,593489.8394,56007.7209,123801.7645,189110.9802,134714.9731,358556.8315,842571.3808,773119.1153,876808.947,588154.9883,682929.3781,191235.3466,23096.24309,131689.6645,706930.5674,9572833.172,96455.1279,684481.5688,1110417.458,100513.5453,850965.0242,238592.9182,505425.7646,38338.81307,19582479.72,3076770.357,273758.6858,669319.2762,207214.5991,1222307.92,2147185.207,251747.4779,2664255.872,5266617.836,1045560.299,3693872.894,4932865.025,610682.6408,314241.8249,1329024.976,92806.5776,92804.74633,82450.17219,2083143.57,3280796.551,2453685.955,7362806.677,13531281.48,223117.5593,824459.5714,417570.0974,525175.7866,920912.2413,328127.578,9860185.753,622352.9899,857230.8405,950905.3721,61970.57438,186556.4687,277659.5975,84465.51643,397706.4514,1207428.387,856493.8499,57967.44812,154525.6386,1671314.651,2206164.251,146652.7782,126599.4926,24250.74523,59023.52181,4700124.001,121224.4182,961866.6068,196110.6752,237805.1875,61298.81428,12313798.98,1117379.072,74007.61196,451059.639,907423.0762,519690.0761,133624.6976,2256477.886,5718211.492,622309.5023,1103531.112,6355672.425,574583.8198,396202.7486,481147.7655,833584.7297,25656.8118,602782.6179,737924.695,4782924.963,4128013.507,166721.5602,686067.4476,208180.1385,588759.9416,549675.4035,559243.9388,280697.1076,426025.6504,842925.6465,316840.8942,137854.4233,124078.4194,174215.322,368762.1479,793805.8069,599484.152,59533.32773,564140.5163,648904.6407,112086.7845,78420.95249,6681529.741,31621.79751,758128.3283,664601.5833,2.273399665998484,1.456391575897947,1.569197869402249,1.163204343833103,1.3315780587155188,1.324580609933449,0.5963197378523867,1.7341005218346608,3.5257230594036417,1.1761836294546577,0.978579153083182,2.2317138630028235,2.648764597649356,1.83851983596529,0.9733368770879922,2.050099495377038,2.2805077958592483,0.4184018573700663,0.8249413814843413,1.033204845019995,4.1271038576930446,1.085205306063625,0.7249956009263101,1.8406035798193137,76.91036685963007,57.0,29.8,0,1
EAC,223743.07,532539.3702,50442.29833,119610.7787,12057330.22,1385380.599,171593.4403,608462.1158,212888.4346,10860744.98,3178218.243,263147.7624,3430438.405,5749414.942,766683.6945,2142142.595,2490227.888,728697.9077,326497.5773,846595.8723,1481605.582,41689.19905,55124.9114,1510133.716,803925.0078,7830014.066,6690135.865,188786.7364,676934.5752,589138.328,101711.9796,617164.6667,1046422.113,3449580.05,460710.4249,794944.0824,506433.5324,59091.49602,146359.9054,277627.4397,159804.7122,410173.267,661763.5467,740193.8587,568713.8646,590045.7557,687596.241,165210.5298,16921.88972,149618.4481,838971.2858,11085963.1,105504.7962,679940.0249,984388.3226,141514.4453,972241.1294,179401.3503,246088.3125,31907.89404,13278340.83,2491582.627,230864.6055,827597.0263,228893.5238,1565896.258,2421049.056,276652.6463,3356077.528,7322193.624,813863.3257,3947040.777,4318729.221,524301.6119,285819.6598,1201840.607,84165.45488,130487.7786,69426.45176,1606098.405,2904385.981,1750704.995,8270089.225,15681989.28,230496.6541,664266.566,716424.7538,503706.6175,1228653.776,372966.0204,9796168.734,748712.4326,823921.7406,697796.5248,63026.50093,180578.8897,388629.5596,100213.8894,344722.3737,996960.5928,771511.1126,66573.05251,168599.6311,1491038.716,1837702.032,133656.28,156852.989,23608.77587,80807.53692,3687829.655,155606.7204,823235.9998,145168.8982,118286.2203,51972.83684,7823749.664,885780.3499,63046.52147,606802.5695,997836.0266,552858.284,119475.3247,2496897.723,7824795.188,501975.5336,1038190.594,5218762.083,486024.8509,368231.1618,432245.4314,631157.8028,40726.32252,554013.4837,450246.2043,5261504.931,4747970.165,160280.7655,556327.8334,318227.9428,508512.1924,753664.3899,592736.3917,245033.3481,451401.3271,710275.3299,233613.0061,125142.895,119747.5481,222786.9459,305845.0442,628518.5614,477670.7202,59396.66528,563936.044,515270.4776,90716.76765,79723.58008,7345266.087,30180.52842,582142.3551,487886.4845,1.300797183150061,1.5718374115131772,1.411310994115104,2.084575639022276,1.2653298110790907,1.172271530394516,0.4132635936958561,2.2810736586099005,1.8760992289261325,1.072294897662887,1.1985725840165613,2.849238982314357,2.2938102539699323,1.4301142019842734,0.6504235347779787,2.4814085485926096,1.1403304453521406,0.5005631561951119,0.650548288142167,1.3695722700604678,3.5509952364749915,0.8410460441792035,0.4349256721833809,1.4902377134398843,72.7997170646254,55.0,41.0,1,0
EAC,281505.9553,502669.04,39975.65836,133566.5667,24347825.1,1360285.094,146695.5985,547613.4852,252865.4915,11101348.96,4420147.05,247361.2901,3156360.702,5204970.479,927427.0083,2365857.991,1995723.459,839451.3434,374528.463,1280928.524,1015778.39,34018.52991,73591.26944,1165023.365,1288998.858,6757147.529,5421703.267,156501.6854,753357.9904,367659.5468,129549.043,558599.1409,1085010.713,3560333.035,379944.2715,1021436.08,661140.402,72083.15461,142405.5762,278881.1886,115503.2727,458951.1348,917716.0503,618338.2273,655827.6334,801724.0878,807932.0218,165776.3828,23298.3878,168034.9609,830934.0938,10164098.72,70424.84145,556280.3151,867477.1187,143597.8039,930540.4726,277903.3696,291505.8166,30060.23064,30193710.48,3393379.33,354280.9024,732136.5161,293945.6516,1949573.655,3302192.26,286345.9155,2164095.006,6702235.685,1505246.801,4095334.213,5315181.322,826006.2563,441006.0975,2152912.521,89984.60592,99813.77314,72920.59401,2519049.344,2364307.032,2000629.644,7091405.827,13703207.37,225072.8788,964964.7306,462426.9078,655494.3056,1359260.178,438482.802,14903379.11,661981.2608,974219.823,902556.7871,62763.61221,174046.0468,412489.8742,106785.2367,474340.4334,1377558.969,737753.2698,85945.08811,176542.1642,2186596.401,2543642.659,180102.1801,165331.2091,20911.52405,57629.29396,3258050.163,178491.4013,1301643.242,215996.491,179617.9208,60873.26945,20505023.37,1133892.684,82445.97502,590643.6614,1525686.249,997951.6339,167821.2949,2300084.64,7201862.567,952727.2639,1826744.505,7104825.515,725709.5639,504915.4341,902191.9931,874284.7833,27746.6653,672335.4884,950655.4148,5484359.389,5190003.355,174368.2144,746686.1872,253704.3163,625325.1393,695124.6796,699389.7149,452715.7804,502423.7292,1104808.654,332601.1278,165163.7274,133333.7792,281929.4325,483401.1581,986491.7367,543672.1943,97828.6634,769267.0888,818076.7843,125988.1751,119670.0893,10065184.25,29723.04709,592589.3188,790160.7557,3.366910414586219,2.2582592306606557,1.1935497687800656,2.085272810602005,0.8500964674537186,1.3594514013118664,0.6120661661149833,1.3673116495545092,4.457732939344147,1.3952863206493409,0.7692476033484634,4.013838562202173,3.4652243895207238,1.9594711930798108,1.0558982330473792,2.142048519360632,3.3860836239682515,0.9764346349745332,0.7818910084539091,1.9986618496313773,3.861785248689857,1.3929391412744143,0.7269702151087951,1.6318635771523309,62.92850384031976,65.0,27.8,0,1
